0001,001,プルオーバーパーカー,3900
0002,001,ジップパーカー,4200
0003,001,マウンテンパーカー,4590
0004,001,ボタンパーカー,3490
0005,001,ボリュームネックパーカー,3900
0006,001,スウェットパーカー,3900
0007,001,ノースリーブパーカー,3900
0008,002,テーラードジャケット,6300
0009,002,ショールカラージャケット,4900
0010,002,イタリアンカラージャケット,8200
0011,002,スタンドカラージャケット,4900
0012,002,ダウンジャケット,5500
0013,002,デニムジャケット,7000
0014,002,シャツジャケット,6300
0015,002,キルティングジャケット,6300
0016,002,ライダースジャケット,6300
0017,002,レザージャケット,6300
0018,002,マウンテンジャケット,6300
0019,002,コーチジャケット,6300
0020,002,ミリタリージャケット,6300
0021,002,スタジャン,6300
0022,002,スカジャン,6300
0023,002,サファリジャケット,6300
0024,002,ノーフォークジャケット,6300
0025,003,カラーシャツ,1490
0026,003,デニムシャツ,2900
0027,003,ボーダーシャツ,2490
0028,003,ウエスタンシャツ,1900
0029,003,ミリタリーシャツ,1900
0030,003,ポロシャツ,2900
0031,003,ニットシャツ,2000
0032,003,ブラウス,3000
0033,003,カットソー,4300
0034,004,ストレートデニム,3900
0035,004,テーパードデニム,3900
0036,004,ルーズストレート,3900
0037,004,タイトスレート,3900
0038,004,スリムデニム,3900
0039,004,スキニーデニム,3900
0040,004,ボーイフレンドデニム,3900
0041,004,フレアデニム,3900
0042,004,ブーツカットデニム,3900
0043,004,チノパンツ,2900
0044,004,ステテコ,2900
0045,005,クルーソックス,780
0046,005,ブーツソックス,980
0047,005,スリークォーターズ,980
0048,005,ハイソックス,590
0049,005,カバーソックス,680
0050,005,スニーカーソックス,700
0051,005,トランクス,980
0052,005,ボクサー,980
0053,005,ブリーフ,980
0054,006,ソフトハット,4980
0055,006,ボーラーハット,3900
0056,006,キャペリン,6980
0057,006,チロリアンハット,3900
0058,006,カンカン帽,3900
0059,006,ポークパイハット,3900
0060,006,シルクハット,7800
0061,006,ストローハット,4500
0062,006,マウンテンハット,5000
0063,006,ベースボールキャップ,2900
0064,006,ワークキャップ,1900
0065,006,マリンキャップ,3300
0066,006,ワッチキャップ,3000
0067,006,ビーニー,3900
0068,006,モナコハンチング,3900
0069,006,プロムナード,3900
0070,006,ニュースボーイキャップ,3900
0071,006,バスクベレー,3900
0072,006,ミリタリーベレー,3900
0073,007,レギュラータイ,3900
0074,007,ウールタイ,4900
0075,007,リネンタイ,4900
0076,007,ニットタイ,3900
0077,007,クロスタイ,2900
0078,007,ループタイ,2900
0079,007,プレーンベルト,1900
0080,007,メッシュベルト,2900
0081,007,ウエスタンベルト,2900
0082,007,コンチョベルト,2900
0083,007,カービングベルト,2500
0084,007,レザーベルト,3900
0085,007,ローカットスニーカー,3900
0086,007,ハイカットスニーカー,3900
0087,007,ミッドカットスニーカー,3900
0088,007,スリップオンスニーカー,3900